Customer_ID,Age,Gender,Country,Plan,Join_Date,Monthly_Fee,Active,Satisfaction_Score,Referral_Code
CUST0001,56,Female,USA,Premium,2020-09-24,61.44,True,4.0,
CUST0002,69,Other,India,Standard,2022-12-13,35.19,False,3.0,REF2022
CUST0003,46,Male,Germany,Premium,2020-08-23,79.24,True,2.0,REF2022
CUST0004,32,Female,Canada,Standard,2021-01-23,26.82,False,4.0,REF2022
CUST0005,60,Male,USA,Basic,2022-09-16,39.12,False,4.0,REF2023
CUST0006,25,Male,Germany,Premium,2022-02-01,48.28,True,4.0,REF2023
CUST0007,38,Other,India,Premium,2021-02-04,55.67,False,2.0,REF2023
CUST0008,56,Female,Germany,Basic,2021-09-15,31.81,False,3.0,REF2024
CUST0009,36,Other,USA,Premium,2022-02-05,20.33,False,3.0,REF2023
CUST0010,40,Other,Germany,Premium,2023-08-19,64.95,False,1.0,REF2022
CUST0011,28,Female,UK,Standard,2022-07-07,35.97,False,5.0,REF2024
CUST0012,28,Male,Germany,Premium,2023-05-15,62.3,False,2.0,REF2022
CUST0013,41,Male,Canada,Basic,2023-06-06,23.88,True,,
CUST0014,53,Female,Canada,Standard,2022-05-02,53.29,False,3.0,REF2022
CUST0015,57,Male,UK,Standard,2021-07-31,57.92,False,2.0,REF2023
CUST0016,41,Female,USA,Basic,2020-03-15,14.65,False,3.0,
CUST0017,20,Female,Canada,Basic,2021-03-10,40.28,True,4.0,REF2022
CUST0018,39,Other,India,Standard,2020-04-12,22.09,False,4.0,
CUST0019,19,Female,Canada,Premium,2023-12-16,15.69,True,4.0,REF2022
CUST0020,41,Other,Canada,Standard,2022-02-02,99.09,False,4.0,
CUST0021,61,Male,USA,Basic,2022-01-07,39.0,True,4.0,REF2023
CUST0022,47,Male,Germany,Standard,2022-03-16,82.88,True,4.0,REF2023
CUST0023,55,Male,Canada,Basic,2023-08-22,32.91,False,2.0,REF2022
CUST0024,19,Male,UK,Standard,2020-04-07,71.33,False,3.0,REF2024
CUST0025,38,Other,Germany,Premium,2022-03-08,78.41,True,2.0,REF2022
CUST0026,50,Male,India,Standard,2023-09-20,63.6,False,,
CUST0027,29,Female,USA,Standard,2022-05-08,52.43,True,5.0,
CUST0028,39,Female,India,Basic,2021-03-10,47.06,True,1.0,REF2024
CUST0029,61,Female,Germany,Basic,2021-03-22,41.39,True,4.0,REF2023
CUST0030,42,Other,Germany,Basic,2023-08-24,93.65,True,5.0,REF2023
CUST0031,66,Male,Germany,Standard,2020-09-05,84.75,True,2.0,REF2022
CUST0032,44,Male,India,Premium,2020-06-14,96.84,False,3.0,
CUST0033,59,Male,Germany,Basic,2022-09-10,21.18,True,5.0,REF2022
CUST0034,45,Other,India,Basic,2023-09-20,75.77,True,1.0,REF2022
CUST0035,33,Female,Germany,Standard,2022-10-16,94.44,False,4.0,REF2022
CUST0036,32,Female,UK,Basic,2021-06-25,26.3,True,2.0,REF2024
CUST0037,64,Male,Germany,Premium,2022-01-28,15.97,False,5.0,REF2022
CUST0038,68,Female,India,Premium,2023-02-03,76.69,False,,REF2023
CUST0039,61,Female,Canada,Basic,2020-03-21,61.69,False,5.0,REF2022
CUST0040,69,Other,Germany,Basic,2020-05-12,85.75,True,3.0,
CUST0041,20,Other,Canada,Standard,2022-03-07,22.57,True,4.0,REF2024
CUST0042,54,Other,UK,Premium,2022-06-18,81.56,True,4.0,REF2024
CUST0043,68,Other,USA,Premium,2020-05-17,28.14,False,3.0,
CUST0044,24,Male,UK,Basic,2020-07-02,24.72,True,4.0,REF2024
CUST0045,38,Other,Germany,Standard,2023-11-25,24.77,False,1.0,
CUST0046,26,Female,Canada,Premium,2023-09-15,83.3,True,3.0,REF2024
CUST0047,56,Male,Canada,Premium,2022-02-23,69.86,False,2.0,REF2023
CUST0048,35,Female,India,Standard,2022-09-10,57.07,True,2.0,REF2023
CUST0049,21,Female,Canada,Standard,2020-03-09,42.28,True,1.0,
CUST0050,42,Female,India,Premium,2021-06-29,88.94,True,4.0,REF2024
CUST0051,31,Other,USA,Premium,2020-02-22,45.31,False,3.0,REF2022
CUST0052,67,Other,Germany,Standard,2020-07-23,83.48,False,4.0,REF2024
CUST0053,26,Male,India,Premium,2020-05-05,49.51,True,1.0,REF2024
CUST0054,43,Male,USA,Basic,2020-02-12,43.91,True,3.0,REF2023
CUST0055,19,Other,Canada,Basic,2020-04-20,51.63,False,3.0,REF2024
CUST0056,37,Female,Canada,Standard,2022-01-30,37.11,False,4.0,REF2024
CUST0057,45,Male,USA,Standard,2023-04-21,77.27,False,3.0,REF2022
CUST0058,64,Other,Canada,Standard,2022-04-27,55.23,True,4.0,REF2024
CUST0059,24,Other,USA,Basic,2020-04-04,30.89,False,4.0,
CUST0060,61,Other,India,Premium,2023-10-29,90.95,True,4.0,REF2023
CUST0061,25,Female,India,Basic,2022-06-18,44.54,False,2.0,REF2022
CUST0062,64,Other,USA,Premium,2020-12-25,58.91,True,1.0,
CUST0063,52,Other,India,Basic,2022-06-18,91.57,False,4.0,REF2024
CUST0064,31,Other,India,Premium,2020-10-07,66.17,False,1.0,REF2023
CUST0065,34,Other,India,Basic,2023-05-03,20.51,False,4.0,REF2023
CUST0066,53,Male,UK,Standard,2023-05-03,94.57,False,3.0,REF2024
CUST0067,67,Male,Germany,Basic,2021-10-28,66.48,False,5.0,
CUST0068,57,Other,Canada,Premium,2020-04-02,40.13,True,4.0,REF2023
CUST0069,21,Female,UK,Basic,2021-11-02,22.52,False,,REF2022
CUST0070,19,Male,India,Basic,2020-03-01,81.45,False,3.0,REF2024
CUST0071,23,Other,USA,Basic,2021-09-25,65.8,False,4.0,REF2023
CUST0072,59,Male,India,Standard,2022-12-10,58.0,True,3.0,
CUST0073,21,Male,Germany,Basic,2023-11-27,90.44,False,3.0,REF2022
CUST0074,46,Female,India,Standard,2022-10-25,80.96,True,4.0,REF2023
CUST0075,35,Other,USA,Standard,2021-08-26,23.64,False,4.0,REF2024
CUST0076,43,Other,Germany,Basic,2021-11-12,38.04,False,,REF2022
CUST0077,61,Female,India,Basic,2021-06-17,32.35,True,4.0,REF2023
CUST0078,51,Female,Germany,Basic,2023-11-29,76.95,False,3.0,REF2023
CUST0079,27,Other,Canada,Premium,2022-04-17,13.01,True,3.0,REF2023
CUST0080,53,Other,Canada,Basic,2021-10-06,61.28,True,4.0,REF2023
CUST0081,31,Female,India,Standard,2020-08-20,78.61,False,2.0,REF2022
CUST0082,48,Male,Germany,Basic,2021-06-07,88.9,True,2.0,REF2023
CUST0083,65,Male,USA,Premium,2020-12-11,40.78,False,3.0,
CUST0084,32,Female,India,Basic,2022-12-05,83.9,False,2.0,REF2023
CUST0085,25,Male,Canada,Premium,2021-06-29,19.95,True,2.0,REF2023
CUST0086,31,Female,Canada,Premium,2023-01-06,86.17,True,2.0,REF2023
CUST0087,40,Male,India,Basic,2023-01-01,21.46,True,1.0,
CUST0088,57,Male,Germany,Standard,2022-03-04,45.75,True,1.0,REF2023
CUST0089,38,Other,Canada,Premium,2020-09-05,81.75,False,,REF2024
CUST0090,33,Other,Germany,Basic,2020-02-16,23.48,False,3.0,
CUST0091,62,Male,Canada,Basic,2023-02-18,30.62,True,3.0,REF2023
CUST0092,35,Male,Canada,Standard,2020-08-01,74.99,False,4.0,
CUST0093,64,Other,UK,Premium,2020-08-26,74.79,False,2.0,REF2023
CUST0094,41,Other,Canada,Premium,2022-12-15,67.69,False,5.0,REF2022
CUST0095,43,Other,USA,Basic,2020-12-15,72.45,False,4.0,REF2024
CUST0096,42,Female,India,Basic,2020-04-16,58.84,True,1.0,REF2022
CUST0097,62,Male,India,Standard,2022-04-10,32.65,True,3.0,REF2024
CUST0098,58,Other,Germany,Standard,2020-02-17,41.1,False,4.0,REF2022
CUST0099,46,Male,Canada,Premium,2020-12-02,26.33,True,5.0,
CUST0100,32,Female,USA,Premium,2022-11-15,91.75,True,3.0,REF2022
CUST0101,62,Female,Germany,Basic,2022-03-14,62.5,True,4.0,
CUST0102,18,Other,UK,Premium,2023-07-04,46.07,False,2.0,REF2022
CUST0103,42,Female,Germany,Standard,2020-01-08,51.57,False,,REF2022
CUST0104,24,Male,Germany,Standard,2021-09-16,95.25,False,2.0,REF2022
CUST0105,26,Other,Canada,Basic,2023-06-30,23.79,True,5.0,
CUST0106,41,Male,UK,Standard,2021-12-19,62.75,False,4.0,
CUST0107,18,Male,Germany,Standard,2020-10-29,55.52,False,4.0,REF2023
CUST0108,61,Female,USA,Standard,2021-09-30,65.02,True,3.0,REF2022
CUST0109,25,Female,USA,Standard,2020-02-25,11.62,False,2.0,
CUST0110,41,Female,India,Basic,2021-12-26,88.48,False,2.0,REF2022
CUST0111,28,Female,UK,Basic,2021-06-09,93.88,True,2.0,REF2022
CUST0112,68,Female,UK,Premium,2021-04-18,60.85,True,2.0,REF2024
CUST0113,34,Other,India,Standard,2020-01-28,72.69,True,4.0,REF2023
CUST0114,25,Male,Germany,Premium,2020-03-18,93.01,False,3.0,REF2022
CUST0115,52,Male,UK,Basic,2023-05-24,73.64,False,1.0,REF2023
CUST0116,52,Male,USA,Basic,2023-11-10,23.72,False,,REF2022
CUST0117,50,Male,USA,Basic,2020-12-30,61.86,True,4.0,REF2024
CUST0118,22,Female,Canada,Basic,2021-10-27,64.59,True,5.0,REF2023
CUST0119,59,Male,UK,Basic,2021-06-09,48.16,False,,REF2022
CUST0120,56,Other,Germany,Basic,2021-11-29,76.27,False,2.0,REF2022
CUST0121,58,Other,India,Basic,2023-08-28,94.08,True,3.0,REF2024
CUST0122,45,Male,India,Standard,2022-06-01,93.29,True,4.0,
CUST0123,24,Male,Germany,Premium,2022-10-27,50.57,True,4.0,
CUST0124,26,Other,Canada,Basic,2022-10-23,20.18,True,2.0,REF2022
CUST0125,25,Other,India,Standard,2022-07-07,98.63,False,4.0,
CUST0126,29,Female,UK,Standard,2022-01-19,85.49,True,2.0,REF2024
CUST0127,51,Other,Canada,Premium,2020-12-28,21.21,False,2.0,REF2023
CUST0128,50,Female,UK,Basic,2023-07-21,92.87,False,3.0,REF2022
CUST0129,65,Female,USA,Premium,2022-03-16,88.28,False,3.0,REF2024
CUST0130,40,Female,Canada,Basic,2022-01-08,56.69,True,3.0,
CUST0131,41,Female,India,Standard,2022-11-04,63.2,True,1.0,
CUST0132,54,Female,Canada,Standard,2023-04-30,45.9,True,4.0,
CUST0133,52,Male,Canada,Standard,2021-04-29,14.92,True,2.0,REF2023
CUST0134,61,Other,Canada,Standard,2020-01-28,40.16,False,2.0,
CUST0135,57,Female,Canada,Premium,2021-12-14,82.25,True,4.0,REF2023
CUST0136,39,Other,UK,Basic,2022-11-28,10.41,True,,REF2023
CUST0137,44,Other,USA,Basic,2023-07-20,40.0,False,4.0,
CUST0138,52,Female,Germany,Premium,2023-06-08,45.83,True,4.0,REF2023
CUST0139,18,Male,Canada,Basic,2020-03-26,58.36,False,4.0,REF2024
CUST0140,52,Female,India,Standard,2020-05-05,92.78,False,3.0,REF2024
CUST0141,54,Male,Canada,Basic,2022-03-22,41.16,False,1.0,REF2022
CUST0142,64,Other,India,Standard,2021-06-20,41.22,False,3.0,REF2024
CUST0143,31,Male,UK,Premium,2020-05-24,76.37,False,3.0,REF2022
CUST0144,20,Male,India,Basic,2023-05-20,50.69,False,2.0,REF2022
CUST0145,18,Male,Germany,Premium,2020-01-25,30.2,False,4.0,REF2022
CUST0146,22,Other,USA,Basic,2023-11-18,50.71,False,3.0,REF2023
CUST0147,43,Other,India,Standard,2020-03-07,22.67,True,1.0,REF2023
CUST0148,31,Male,India,Premium,2020-08-20,25.86,True,2.0,
CUST0149,56,Male,USA,Basic,2020-04-18,54.84,True,4.0,
CUST0150,44,Female,Germany,Standard,2023-03-15,47.69,True,1.0,REF2022
CUST0151,26,Male,Canada,Premium,2020-04-20,92.33,False,4.0,REF2022
CUST0152,32,Female,India,Premium,2020-08-15,42.61,True,3.0,REF2022
CUST0153,32,Male,USA,Basic,2020-04-20,62.24,False,3.0,REF2024
CUST0154,43,Female,UK,Basic,2020-02-03,66.89,True,3.0,
CUST0155,59,Other,USA,Basic,2021-09-14,11.17,True,4.0,REF2024
CUST0156,30,Male,UK,Standard,2023-10-24,69.71,True,3.0,REF2024
CUST0157,68,Male,Germany,Basic,2022-01-17,26.01,False,4.0,REF2023
CUST0158,49,Male,Canada,Premium,2021-08-17,96.49,True,3.0,REF2022
CUST0159,56,Male,USA,Premium,2021-02-28,23.37,False,2.0,REF2023
CUST0160,66,Female,India,Basic,2021-09-04,47.31,False,4.0,REF2023
CUST0161,69,Male,Germany,Basic,2021-11-22,17.67,True,4.0,
CUST0162,49,Other,USA,Premium,2023-07-29,99.71,True,4.0,REF2022
CUST0163,21,Other,India,Standard,2023-09-05,55.19,True,4.0,REF2022
CUST0164,47,Male,USA,Basic,2020-11-10,63.57,False,4.0,REF2023
CUST0165,54,Other,UK,Basic,2022-05-26,16.03,True,4.0,
CUST0166,40,Male,USA,Premium,2023-11-01,77.49,False,4.0,REF2022
CUST0167,56,Male,USA,Basic,2023-08-05,28.88,False,4.0,REF2024
CUST0168,62,Other,USA,Standard,2023-12-31,90.81,True,4.0,REF2022
CUST0169,32,Male,Germany,Premium,2021-10-23,28.45,True,4.0,REF2023
CUST0170,60,Other,USA,Basic,2020-10-03,27.15,False,4.0,
CUST0171,46,Female,India,Premium,2021-09-15,13.28,False,2.0,REF2023
CUST0172,53,Male,UK,Basic,2021-05-30,52.48,False,4.0,
CUST0173,30,Female,UK,Basic,2023-10-05,60.83,True,4.0,REF2023
CUST0174,49,Other,USA,Basic,2022-04-22,15.9,False,1.0,REF2023
CUST0175,24,Female,Germany,Standard,2020-12-15,79.79,True,4.0,REF2022
CUST0176,68,Female,Germany,Standard,2022-04-02,50.79,False,2.0,REF2023
CUST0177,39,Other,India,Premium,2023-03-06,57.19,False,3.0,
CUST0178,45,Female,USA,Basic,2022-01-28,49.66,True,4.0,REF2023
CUST0179,19,Female,UK,Basic,2022-06-17,46.06,False,2.0,REF2024
CUST0180,59,Other,Germany,Standard,2020-08-30,60.36,True,4.0,REF2022
CUST0181,62,Female,USA,Basic,2021-06-26,23.96,True,4.0,REF2024
CUST0182,23,Other,Germany,Standard,2022-11-29,26.36,False,3.0,REF2022
CUST0183,45,Female,Germany,Basic,2020-08-16,87.55,True,1.0,REF2023
CUST0184,45,Other,UK,Premium,2021-07-01,95.14,True,2.0,REF2022
CUST0185,61,Other,Canada,Basic,2022-07-08,43.59,False,4.0,REF2022
CUST0186,61,Female,India,Basic,2023-05-31,34.36,True,,REF2023
CUST0187,37,Female,India,Standard,2020-01-06,67.95,True,4.0,REF2022
CUST0188,47,Female,UK,Basic,2023-09-07,46.78,True,2.0,REF2024
CUST0189,28,Male,Germany,Basic,2021-04-12,12.27,False,4.0,REF2022
CUST0190,45,Male,USA,Standard,2020-03-15,24.04,True,3.0,
CUST0191,42,Male,Germany,Premium,2020-01-04,74.43,False,4.0,REF2024
CUST0192,56,Other,UK,Premium,2021-10-07,69.29,False,2.0,
CUST0193,50,Female,India,Standard,2020-04-27,12.43,True,4.0,
CUST0194,18,Other,Germany,Standard,2022-05-30,29.97,True,3.0,REF2024
CUST0195,44,Male,India,Standard,2021-05-18,30.79,True,,REF2022
CUST0196,69,Female,USA,Standard,2022-08-04,70.46,False,3.0,
CUST0197,30,Other,India,Standard,2021-07-27,11.76,True,4.0,REF2024
CUST0198,58,Female,India,Premium,2020-07-12,19.36,True,5.0,
CUST0199,20,Other,Canada,Premium,2022-04-26,81.98,True,2.0,REF2024
CUST0200,56,Female,Canada,Standard,2021-12-15,26.06,True,5.0,
